id,metro,latitude,longitude
1,"Abilene, TX",32.4487364,-99.7331439
2,"Akron, OH",41.0814447,-81.5190053
3,"Albany, GA",31.5785074,-84.155741
4,"Albany, OR",44.6365107,-123.1059282
5,"Albany-Schenectady-Troy, NY",42.6525793,-73.7562317
6,"Albuquerque, NM",35.110703,-106.609991
7,"Alexandria, LA",31.3112936,-92.4451371
8,"Allentown-Bethlehem-Easton, PA-NJ",40.6084305,-75.4901833
9,"Altoona, PA",40.5186809,-78.3947359
10,"Amarillo, TX",35.2219971,-101.8312969
11,"Ames, IA",42.034722,-93.62
12,"Anchorage, AK",61.2180556,-149.9002778
13,"Ann Arbor, MI",42.2808256,-83.7430378
14,"Anniston-Oxford-Jacksonville, AL",33.6598257,-85.8316318
15,"Appleton, WI",44.2619309,-88.4153847
16,"Asheville, NC",35.5950581,-82.5514869
17,"Athens-Clarke County, GA",33.95,-83.383333
18,"Atlanta-Sandy Springs-Roswell, GA",33.7489954,-84.3879824
19,"Atlantic City-Hammonton, NJ",39.3642834,-74.4229266
20,"Auburn-Opelika, AL",32.6098566,-85.4807825
21,"Augusta-Richmond County, GA-SC",33.4734978,-82.0105148
22,"Austin-Round Rock, TX",30.267153,-97.7430608
23,"Bakersfield, CA",35.3732921,-119.0187125
24,"Baltimore-Columbia-Towson, MD",39.2903848,-76.6121893
25,"Bangor, ME",44.8011821,-68.7778138
26,"Barnstable Town, MA",41.7003208,-70.3002024
27,"Baton Rouge, LA",30.4582829,-91.1403196
28,"Battle Creek, MI",42.3211522,-85.1797142
29,"Bay City, MI",43.5944677,-83.8888647
30,"Beaumont-Port Arthur, TX",30.080174,-94.1265562
31,"Beckley, WV",37.7781702,-81.1881557
32,"Bellingham, WA",48.74908,-122.4781473
33,"Bend-Redmond, OR",44.0581728,-121.3153096
34,"Billings, MT",45.7832856,-108.5006904
35,"Binghamton, NY",42.0986867,-75.9179738
36,"Birmingham-Hoover, AL",33.5206608,-86.80249
37,"Bismarck, ND",46.8083268,-100.7837392
38,"Blacksburg-Christiansburg-Radford, VA",37.2295733,-80.4139393
39,"Bloomington, IL",40.4842027,-88.9936873
40,"Bloomington, IN",39.165325,-86.5263857
41,"Bloomsburg-Berwick, PA",41.003698,-76.4549457
42,"Boise City, ID",43.6187102,-116.2146068
43,"Boston-Cambridge-Newton, MA-NH",42.3584308,-71.0597732
44,"Boulder, CO",40.0149856,-105.2705456
45,"Bowling Green, KY",36.9685219,-86.4808043
46,"Bremerton-Silverdale, WA",47.5673202,-122.6329356
47,"Bridgeport-Stamford-Norwalk, CT",41.1865478,-73.1951767
48,"Brownsville-Harlingen, TX",25.9017472,-97.4974838
49,"Brunswick, GA",31.1499528,-81.4914894
50,"Buffalo-Cheektowaga-Niagara Falls, NY",42.8864468,-78.8783689
51,"Burlington, NC",36.0956918,-79.4377991
52,"Burlington-South Burlington, VT",44.4758825,-73.212072
53,"California-Lexington Park, MD",38.3004029,-76.5074542
54,"Canton-Massillon, OH",40.7989473,-81.378447
55,"Cape Coral-Fort Myers, FL",26.5628537,-81.9495331
56,"Cape Girardeau, MO-IL",37.3058839,-89.5181476
57,"Carbondale-Marion, IL",37.7272727,-89.2167501
58,"Carson City, NV",39.1637984,-119.7674034
59,"Casper, WY",42.866632,-106.313081
60,"Cedar Rapids, IA",41.9778795,-91.6656232
61,"Chambersburg-Waynesboro, PA",39.9375911,-77.6611022
62,"Champaign-Urbana, IL",40.1164204,-88.2433829
63,"Charleston, WV",38.3498195,-81.6326234
64,"Charleston-North Charleston, SC",32.7764749,-79.9310512
65,"Charlotte-Concord-Gastonia, NC-SC",35.2270869,-80.8431267
66,"Charlottesville, VA",38.0293059,-78.4766781
67,"Chattanooga, TN-GA",35.0456297,-85.3096801
68,"Cheyenne, WY",41.1399814,-104.8202462
69,"Chicago-Naperville-Elgin, IL-IN-WI",41.8781136,-87.6297982
70,"Chico, CA",39.7284944,-121.8374777
71,"Cincinnati, OH-KY-IN",39.1031182,-84.5120196
72,"Clarksville, TN-KY",36.5297706,-87.3594528
73,"Cleveland, TN",35.1595182,-84.8766115
74,"Cleveland-Elyria, OH",41.49932,-81.6943605
75,"Coeur d'Alene, ID",47.6776832,-116.7804664
76,"College Station-Bryan, TX",30.627977,-96.3344068
77,"Colorado Springs, CO",38.8338816,-104.8213634
78,"Columbia, MO",38.9517053,-92.3340724
79,"Columbia, SC",34.0007104,-81.0348144
80,"Columbus, GA-AL",32.4609764,-84.9877094
81,"Columbus, IN",39.2014404,-85.9213796
82,"Columbus, OH",39.9611755,-82.9987942
83,"Corpus Christi, TX",27.8005828,-97.396381
84,"Corvallis, OR",44.5645659,-123.2620435
85,"Crestview-Fort Walton Beach-Destin, FL",30.7541808,-86.5727995
86,"Cumberland, MD-WV",39.6528654,-78.7625185
87,"Dallas-Fort Worth-Arlington, TX",32.7801399,-96.8004511
88,"Dalton, GA",34.7698021,-84.9702228
89,"Danville, IL",40.124481,-87.6300207
90,"Daphne-Fairhope-Foley, AL",30.6035255,-87.9036047
91,"Davenport-Moline-Rock Island, IA-IL",41.5236437,-90.5776367
92,"Dayton, OH",39.7589478,-84.1916069
93,"Decatur, AL",34.6059253,-86.9833417
94,"Decatur, IL",39.8403147,-88.9548001
95,"Deltona-Daytona Beach-Ormond Beach, FL",28.9005446,-81.2636738
96,"Denver-Aurora-Lakewood, CO",39.737567,-104.9847179
97,"Des Moines-West Des Moines, IA",41.6005448,-93.6091064
98,"Detroit-Warren-Dearborn, MI",42.331427,-83.0457538
99,"Dothan, AL",31.2232313,-85.3904888
100,"Dover, DE",39.158168,-75.5243682
101,"Dubuque, IA",42.5005583,-90.6645718
102,"Duluth, MN-WI",46.7866719,-92.1004852
103,"Durham-Chapel Hill, NC",35.9940329,-78.898619
104,"East Stroudsburg, PA",40.9995386,-75.1812913
105,"Eau Claire, WI",44.811349,-91.4984941
106,"El Centro, CA",32.792,-115.5630514
107,"Elizabethtown-Fort Knox, KY",31.7775757,-106.4424559
108,"Elkhart-Goshen, IN",37.7030646,-85.8649408
109,"Elmira, NY",41.6819935,-85.9766671
110,"El Paso, TX",42.0897965,-76.8077338
111,"Erie, PA",42.1292241,-80.085059
112,"Eugene, OR",44.0520691,-123.0867536
113,"Evansville, IN-KY",37.9715592,-87.5710898
114,"Fairbanks, AK",64.8377778,-147.7163889
115,"Fargo, ND-MN",46.8771863,-96.7898034
116,"Farmington, NM",36.7280583,-108.2186856
117,"Fayetteville, NC",35.0526641,-78.8783585
118,"Fayetteville-Springdale-Rogers, AR-MO",36.0625795,-94.1574263
119,"Flagstaff, AZ",35.1982836,-111.651302
120,"Flint, MI",43.0125274,-83.6874562
121,"Florence, SC",34.1954331,-79.7625625
122,"Florence-Muscle Shoals, AL",34.79981,-87.677251
123,"Fond du Lac, WI",43.7730448,-88.4470508
124,"Fort Collins, CO",40.5852602,-105.084423
125,"Fort Smith, AR-OK",35.3859242,-94.3985475
126,"Fort Wayne, IN",41.079273,-85.1393513
127,"Fresno, CA",36.7468422,-119.7725868
128,"Gadsden, AL",34.014264,-86.0066386
129,"Gainesville, FL",29.6516344,-82.3248262
130,"Gainesville, GA",34.2978794,-83.8240663
131,"Gettysburg, PA",39.8309293,-77.2310955
132,"Glens Falls, NY",42.2548097,-74.0270786
133,"Goldsboro, NC",35.3848841,-77.9927651
134,"Grand Forks, ND-MN",47.9252568,-97.0328547
135,"Grand Island, NE",40.9263957,-98.3420118
136,"Grand Junction, CO",39.0638705,-108.5506486
137,"Grand Rapids-Wyoming, MI",42.9633599,-85.6680863
138,"Grants Pass, OR",42.4390069,-123.3283925
139,"Great Falls, MT",47.4941836,-111.2833449
140,"Greeley, CO",40.4233142,-104.7091322
141,"Green Bay, WI",44.519159,-88.019826
142,"Greensboro-High Point, NC",36.0726354,-79.7919754
143,"Greenville, NC",35.612661,-77.3663538
144,"Greenville-Anderson-Mauldin, SC",34.8526176,-82.3940104
145,"Gulfport-Biloxi-Pascagoula, MS",30.3674198,-89.0928155
146,"Hagerstown-Martinsburg, MD-WV",39.6417629,-77.7199932
147,"Hammond, LA",30.5043583,-90.4611995
148,"Hanford-Corcoran, CA",36.3274502,-119.6456844
149,"Harrisburg-Carlisle, PA",40.2731911,-76.8867008
150,"Harrisonburg, VA",38.4495688,-78.8689155
151,"Hartford-West Hartford-East Hartford, CT",41.7637111,-72.6850932
152,"Hattiesburg, MS",31.3271189,-89.2903392
153,"Hickory-Lenoir-Morganton, NC",35.7344538,-81.3444573
154,"Hilton Head Island-Bluffton-Beaufort, SC",32.216316,-80.752608
155,"Hinesville, GA",31.846877,-81.5959453
156,"Homosassa Springs, FL",28.8037059,-82.5761369
157,"Hot Springs, AR",34.5037004,-93.0551795
158,"Houma-Thibodaux, LA",29.5957696,-90.7195348
159,"Houston-The Woodlands-Sugar Land, TX",29.7601927,-95.3693896
160,"Huntington-Ashland, WV-KY-OH",38.4192496,-82.445154
161,"Huntsville, AL",34.7303688,-86.5861037
162,"Idaho Falls, ID",43.4916514,-112.0339645
163,"Indianapolis-Carmel-Anderson, IN",39.768403,-86.158068
164,"Iowa City, IA",41.6611277,-91.5301683
165,"Ithaca, NY",42.4439614,-76.5018807
166,"Jackson, MI",42.245869,-84.4013462
167,"Jackson, MS",32.2987573,-90.1848103
168,"Jackson, TN",35.6145169,-88.8139469
169,"Jacksonville, FL",30.3321838,-81.655651
170,"Jacksonville, NC",34.7540524,-77.4302414
171,"Janesville-Beloit, WI",42.6827885,-89.0187222
172,"Jefferson City, MO",38.5767017,-92.1735164
173,"Johnson City, TN",36.3134397,-82.3534727
174,"Johnstown, PA",40.3267407,-78.9219698
175,"Jonesboro, AR",35.8422967,-90.704279
176,"Joplin, MO",37.0842271,-94.513281
177,"Kahului-Wailuku-Lahaina, HI",20.8893351,-156.4729469
178,"Kalamazoo-Portage, MI",42.2917069,-85.5872286
179,"Kankakee, IL",41.1200325,-87.8611531
180,"Kansas City, MO-KS",39.0997265,-94.5785667
181,"Kennewick-Richland, WA",46.2112458,-119.1372338
182,"Killeen-Temple, TX",31.1171194,-97.7277959
183,"Kingsport-Bristol-Bristol, TN-VA",36.548434,-82.5618186
184,"Kingston, NY",41.9270367,-73.9973608
185,"Knoxville, TN",35.9606384,-83.9207392
186,"Kokomo, IN",40.486427,-86.1336033
187,"La Crosse-Onalaska, WI-MN",43.8013556,-91.2395807
188,"Lafayette, LA",30.2240897,-92.0198427
189,"Lafayette-West Lafayette, IN",40.4167022,-86.8752869
190,"Lake Charles, LA",30.2265949,-93.2173758
191,"Lake Havasu City-Kingman, AZ",34.483901,-114.3224548
192,"Lakeland-Winter Haven, FL",28.0394654,-81.9498042
193,"Lancaster, PA",40.0378755,-76.3055144
194,"Lansing-East Lansing, MI",42.732535,-84.5555347
195,"Laredo, TX",27.5305671,-99.4803241
196,"Las Cruces, NM",32.3199396,-106.7636538
197,"Las Vegas-Henderson-Paradise, NV",36.1699412,-115.1398296
198,"Lawrence, KS",38.9716689,-95.2352501
199,"Lawton, OK",34.6035669,-98.3959291
200,"Lebanon, PA",40.3409251,-76.4113497
201,"Lewiston, ID-WA",46.4004089,-117.0011889
202,"Lewiston-Auburn, ME",44.100351,-70.2147764
203,"Lexington-Fayette, KY",38.0405837,-84.5037164
204,"Lima, OH",40.742551,-84.1052256
205,"Lincoln, NE",40.809722,-96.675278
206,"Little Rock-North Little Rock-Conway, AR",34.7464809,-92.2895948
207,"Logan, UT-ID",41.7369803,-111.8338359
208,"Longview, TX",32.5007037,-94.7404891
209,"Longview, WA",46.1381676,-122.9381672
210,"Los Angeles-Long Beach-Anaheim, CA",34.0522342,-118.2436849
211,"Louisville/Jefferson County, KY-IN",38.2526647,-85.7584557
212,"Lubbock, TX",33.5778631,-101.8551665
213,"Lynchburg, VA",37.4137536,-79.1422464
214,"Macon, GA",32.8406946,-83.6324022
215,"Madera, CA",36.9613356,-120.0607176
216,"Madison, WI",43.0730517,-89.4012302
217,"Manchester-Nashua, NH",42.9956397,-71.4547891
218,"Manhattan, KS",39.1836082,-96.5716694
219,"Mankato-North Mankato, MN",44.1635775,-93.9993996
220,"Mansfield, OH",40.75839,-82.5154471
221,"McAllen-Edinburg-Mission, TX",26.2034071,-98.2300124
222,"Medford, OR",42.3265152,-122.8755949
223,"Memphis, TN-MS-AR",35.1495343,-90.0489801
224,"Merced, CA",37.3021632,-120.4829677
225,"Miami-Fort Lauderdale-West Palm Beach, FL",25.7890972,-80.2040435
226,"Michigan City-La Porte, IN",41.7075394,-86.8950297
227,"Midland, MI",43.6155825,-84.2472116
228,"Midland, TX",31.9973456,-102.0779146
229,"Milwaukee-Waukesha-West Allis, WI",43.0389025,-87.9064736
230,"Minneapolis-St. Paul-Bloomington, MN-WI",44.983334,-93.26667
231,"Missoula, MT",46.8625,-114.011667
232,"Mobile, AL",30.6953657,-88.0398912
233,"Modesto, CA",37.6390972,-120.9968782
234,"Monroe, LA",32.5093109,-92.1193012
235,"Monroe, MI",41.9164343,-83.3977101
236,"Montgomery, AL",32.3668052,-86.2999689
237,"Morgantown, WV",39.629526,-79.9558968
238,"Morristown, TN",36.2139814,-83.2948922
239,"Mount Vernon-Anacortes, WA",48.421216,-122.3340474
240,"Muncie, IN",40.1933767,-85.3863599
241,"Muskegon, MI",43.2341813,-86.2483921
242,"Myrtle Beach-Conway-North Myrtle Beach, SC-NC",33.6890603,-78.8866943
243,"Napa, CA",38.2975381,-122.286865
244,"Naples-Immokalee-Marco Island, FL",26.1420358,-81.7948103
245,"Nashville-Davidson--Murfreesboro--Franklin, TN",36.166667,-86.783333
246,"New Bern, NC",35.108493,-77.0441143
247,"New Haven-Milford, CT",41.308274,-72.9278835
248,"New Orleans-Metairie, LA",29.9510658,-90.0715323
249,"New York-Newark-Jersey City, NY-NJ-PA",40.7127837,-74.0059413
250,"Niles-Benton Harbor, MI",41.8297694,-86.2541768
251,"North Port-Sarasota-Bradenton, FL",27.044224,-82.2359254
252,"Norwich-New London, CT",41.5242649,-72.0759105
253,"Ocala, FL",29.1871986,-82.1400923
254,"Ocean City, NJ",39.2776156,-74.5746001
255,"Odessa, TX",31.8456816,-102.3676431
256,"Ogden-Clearfield, UT",41.223,-111.9738304
257,"Oklahoma City, OK",35.4675602,-97.5164276
258,"Olympia-Tumwater, WA",47.0378741,-122.9006951
259,"Omaha-Council Bluffs, NE-IA",41.2523634,-95.9979883
260,"Orlando-Kissimmee-Sanford, FL",28.5383355,-81.3792365
261,"Oshkosh-Neenah, WI",44.0247062,-88.5426136
262,"Owensboro, KY",37.7719074,-87.1111676
263,"Oxnard-Thousand Oaks-Ventura, CA",34.1975048,-119.1770516
264,"Palm Bay-Melbourne-Titusville, FL",28.0344621,-80.5886646
265,"Panama City, FL",30.1588129,-85.6602058
266,"Parkersburg-Vienna, WV",39.2667418,-81.5615135
267,"Pensacola-Ferry Pass-Brent, FL",30.421309,-87.2169149
268,"Peoria, IL",40.6936488,-89.5889864
269,"Philadelphia-Camden-Wilmington, PA-NJ-DE-MD",39.952335,-75.163789
270,"Phoenix-Mesa-Scottsdale, AZ",33.4483771,-112.0740373
271,"Pine Bluff, AR",34.2284312,-92.0031955
272,"Pittsburgh, PA",40.4406248,-79.9958864
273,"Pittsfield, MA",42.4500845,-73.2453824
274,"Pocatello, ID",42.8713032,-112.4455344
275,"Portland-South Portland, ME",27.2730492,-80.3582261
276,"Portland-Vancouver-Hillsboro, OR-WA",43.661471,-70.2553259
277,"Port St. Lucie, FL",45.5234515,-122.6762071
278,"Prescott, AZ",34.5400242,-112.4685025
279,"Providence-Warwick, RI-MA",41.8239891,-71.4128343
280,"Provo-Orem, UT",40.2338438,-111.6585337
281,"Pueblo, CO",38.2544472,-104.6091409
282,"Punta Gorda, FL",26.9297836,-82.0453664
283,"Racine, WI",42.7261309,-87.7828523
284,"Raleigh, NC",35.7795897,-78.6381787
285,"Rapid City, SD",44.0805434,-103.2310149
286,"Reading, PA",40.3356483,-75.9268747
287,"Redding, CA",40.5865396,-122.3916754
288,"Reno, NV",39.5296329,-119.8138027
289,"Richmond, VA",37.5407246,-77.4360481
290,"Riverside-San Bernardino-Ontario, CA",33.9533487,-117.3961564
291,"Roanoke, VA",37.2709704,-79.9414266
292,"Rochester, MN",44.0234,-92.46295
293,"Rochester, NY",43.16103,-77.6109219
294,"Rockford, IL",42.2711311,-89.0939952
295,"Rocky Mount, NC",35.9382103,-77.7905339
296,"Rome, GA",34.257038,-85.1646726
297,"Sacramento--Roseville--Arden-Arcade, CA",38.5815719,-121.4943996
298,"Saginaw, MI",43.4194699,-83.9508068
299,"St. Cloud, MN",44.9428975,-123.0350963
300,"St. George, UT",36.6777372,-121.6555013
301,"St. Joseph, MO-KS",38.3606736,-75.5993692
302,"St. Louis, MO-IL",40.7607793,-111.8910474
303,"Salem, OR",31.4637723,-100.4370375
304,"Salinas, CA",29.4241219,-98.4936282
305,"Salisbury, MD-DE",32.715738,-117.1610838
306,"Salt Lake City, UT",37.7749295,-122.4194155
307,"San Angelo, TX",37.3393857,-121.8949555
308,"San Antonio-New Braunfels, TX",35.2827524,-120.6596156
309,"San Diego-Carlsbad, CA",36.9741171,-122.0307963
310,"San Francisco-Oakland-Hayward, CA",35.6869752,-105.937799
311,"San Jose-Sunnyvale-Santa Clara, CA",34.9530337,-120.4357191
312,"San Luis Obispo-Paso Robles-Arroyo Grande, CA",38.440429,-122.7140548
313,"Santa Cruz-Watsonville, CA",32.0835407,-81.0998342
314,"Santa Fe, NM",41.408969,-75.6624122
315,"Santa Maria-Santa Barbara, CA",47.6062095,-122.3320708
316,"Santa Rosa, CA",27.816415,-80.4706078
317,"Savannah, GA",27.495592,-81.440907
318,"Scranton--Wilkes-Barre--Hazleton, PA",43.7508284,-87.71453
319,"Seattle-Tacoma-Bellevue, WA",33.6356618,-96.6088805
320,"Sebastian-Vero Beach, FL",32.5251516,-93.7501789
321,"Sebring, FL",31.5455001,-110.2772856
322,"Sheboygan, WI",42.4999942,-96.4003069
323,"Sherman-Denison, TX",43.5445959,-96.7311034
324,"Shreveport-Bossier City, LA",41.6763545,-86.2519898
325,"Sierra Vista-Douglas, AZ",34.9495672,-81.9320482
326,"Sioux City, IA-NE-SD",47.6587802,-117.4260466
327,"Sioux Falls, SD",39.7817213,-89.6501481
328,"South Bend-Mishawaka, IN-MI",42.1014831,-72.589811
329,"Spartanburg, SC",37.2089572,-93.2922989
330,"Spokane-Spokane Valley, WA",39.9242266,-83.8088171
331,"Springfield, IL",45.5579451,-94.1632404
332,"Springfield, MA",37.0965278,-113.5684164
333,"Springfield, MO",39.7674578,-94.846681
334,"Springfield, OH",38.6270025,-90.1994042
335,"State College, PA",40.7933949,-77.8600012
336,"Staunton-Waynesboro, VA",38.149576,-79.0716958
337,"Stockton-Lodi, CA",37.9577016,-121.2907796
338,"Sumter, SC",33.9204354,-80.3414693
339,"Syracuse, NY",43.0481221,-76.1474244
340,"Tallahassee, FL",30.4382559,-84.2807329
341,"Tampa-St. Petersburg-Clearwater, FL",27.950575,-82.4571776
342,"Terre Haute, IN",39.4667034,-87.4139092
343,"Texarkana, TX-AR",33.425125,-94.0476882
344,"The Villages, FL",28.927019,-82.0037608
345,"Toledo, OH",41.6639383,-83.555212
346,"Topeka, KS",39.0558235,-95.6890185
347,"Trenton, NJ",40.2170534,-74.7429384
348,"Tucson, AZ",32.2217429,-110.926479
349,"Tulsa, OK",36.1539816,-95.992775
350,"Tuscaloosa, AL",33.2098407,-87.5691735
351,"Tyler, TX",32.3512601,-95.3010624
352,"Urban Honolulu, HI",21.3008204,-157.8626016
353,"Utica-Rome, NY",43.100903,-75.232664
354,"Valdosta, GA",30.8327022,-83.2784851
355,"Vallejo-Fairfield, CA",38.1040864,-122.2566367
356,"Victoria, TX",28.8052674,-97.0035982
357,"Vineland-Bridgeton, NJ",39.4863773,-75.0259637
358,"Virginia Beach-Norfolk-Newport News, VA-NC",36.8529263,-75.977985
359,"Visalia-Porterville, CA",36.3302284,-119.2920585
360,"Waco, TX",31.549333,-97.1466695
361,"Walla Walla, WA",46.0645809,-118.3430209
362,"Warner Robins, GA",32.608611,-83.638056
363,"Washington-Arlington-Alexandria, DC-VA-MD-WV",38.9071923,-77.0368707
364,"Waterloo-Cedar Falls, IA",42.492786,-92.3425775
365,"Watertown-Fort Drum, NY",43.9747838,-75.9107565
366,"Wausau, WI",44.9591352,-89.6301221
367,"Weirton-Steubenville, WV-OH",40.4189566,-80.5895167
368,"Wenatchee, WA",47.4234599,-120.3103494
369,"Wheeling, WV-OH",40.0639616,-80.7209149
370,"Wichita, KS",33.9137085,-98.4933873
371,"Wichita Falls, TX",37.688889,-97.336111
372,"Williamsport, PA",41.2411897,-77.0010786
373,"Wilmington, NC",34.2257255,-77.9447102
374,"Winchester, VA-WV",39.1856597,-78.1633341
375,"Winston-Salem, NC",36.1039642,-80.254435
376,"Worcester, MA-CT",42.2625932,-71.8022934
377,"Yakima, WA",46.6020711,-120.5058987
378,"York-Hanover, PA",39.9625984,-76.727745
379,"Youngstown-Warren-Boardman, OH-PA",41.0997803,-80.6495194
380,"Yuba City, CA",39.1404477,-121.6169108
381,"Yuma, AZ",32.6926512,-114.6276916
